{
  "relationships_blocked_users": [
    {
      "title": "_nmittal",
      "string_list_data": [
        {
          "href": "https://www.instagram.com/_u/_nmittal",
          "timestamp": 1657806433
        }
      ]
    },
    {
      "title": "_ojasthakur_",
      "string_list_data": [
        {
          "href": "https://www.instagram.com/_u/_ojasthakur_",
          "timestamp": 1638813599
        }
      ]
    },
    {
      "title": "shiivambahal",
      "string_list_data": [
        {
          "href": "https://www.instagram.com/_u/shiivambahal",
          "timestamp": 1638292747
        }
      ]
    },
    {
      "title": "eidgaah",
      "string_list_data": [
        {
          "href": "https://www.instagram.com/_u/eidgaah",
          "timestamp": 1541928598
        }
      ]
    },
    {
      "title": "raviant_krundu.08",
      "string_list_data": [
        {
          "href": "https://www.instagram.com/_u/raviant_krundu.08",
          "timestamp": 1500420252
        }
      ]
    }
  ]
}