{
  "relationships_following": [
    {
      "title": "",
      "media_list_data": [
        
      ],
      "string_list_data": [
        {
          "href": "https://www.instagram.com/jyoti__beniwal",
          "value": "jyoti__beniwal",
          "timestamp": 1709812208
        }
      ]
    },
    {
      "title": "",
      "media_list_data": [
        
      ],
      "string_list_data": [
        {
          "href": "https://www.instagram.com/shreyagarg_97",
          "value": "shreyagarg_97",
          "timestamp": 1709710687
        }
      ]
    },
    {
      "title": "",
      "media_list_data": [
        
      ],
      "string_list_data": [
        {
          "href": "https://www.instagram.com/yamspvtt",
          "value": "yamspvtt",
          "timestamp": 1708946591
        }
      ]
    },
    {
      "title": "",
      "media_list_data": [
        
      ],
      "string_list_data": [
        {
          "href": "https://www.instagram.com/kaar_vaan_",
          "value": "kaar_vaan_",
          "timestamp": 1708803027
        }
      ]
    },
    {
      "title": "",
      "media_list_data": [
        
      ],
      "string_list_data": [
        {
          "href": "https://www.instagram.com/ilisha_arora_",
          "value": "ilisha_arora_",
          "timestamp": 1708796557
        }
      ]
    },
    {
      "title": "",
      "media_list_data": [
        
      ],
      "string_list_data": [
        {
          "href": "https://www.instagram.com/whokilledyamss",
          "value": "whokilledyamss",
          "timestamp": 1708686783
        }
      ]
    },
    {
      "title": "",
      "media_list_data": [
        
      ],
      "string_list_data": [
        {
          "href": "https://www.instagram.com/a_xanyaa7",
          "value": "a_xanyaa7",
          "timestamp": 1707010706
        }
      ]
    },
    {
      "title": "",
      "media_list_data": [
        
      ],
      "string_list_data": [
        {
          "href": "https://www.instagram.com/kaijinzen",
          "value": "kaijinzen",
          "timestamp": 1705131434
        }
      ]
    },
    {
      "title": "",
      "media_list_data": [
        
      ],
      "string_list_data": [
        {
          "href": "https://www.instagram.com/kushagrasamarth",
          "value": "kushagrasamarth",
          "timestamp": 1700650519
        }
      ]
    },
    {
      "title": "",
      "media_list_data": [
        
      ],
      "string_list_data": [
        {
          "href": "https://www.instagram.com/sha_kuntala",
          "value": "sha_kuntala",
          "timestamp": 1700621834
        }
      ]
    },
    {
      "title": "",
      "media_list_data": [
        
      ],
      "string_list_data": [
        {
          "href": "https://www.instagram.com/smile_somya",
          "value": "smile_somya",
          "timestamp": 1700556279
        }
      ]
    },
    {
      "title": "",
      "media_list_data": [
        
      ],
      "string_list_data": [
        {
          "href": "https://www.instagram.com/beautifulballoonface",
          "value": "beautifulballoonface",
          "timestamp": 1695193454
        }
      ]
    },
    {
      "title": "",
      "media_list_data": [
        
      ],
      "string_list_data": [
        {
          "href": "https://www.instagram.com/nitya.verma22",
          "value": "nitya.verma22",
          "timestamp": 1694979539
        }
      ]
    },
    {
      "title": "",
      "media_list_data": [
        
      ],
      "string_list_data": [
        {
          "href": "https://www.instagram.com/dimple_saini07",
          "value": "dimple_saini07",
          "timestamp": 1693712748
        }
      ]
    },
    {
      "title": "",
      "media_list_data": [
        
      ],
      "string_list_data": [
        {
          "href": "https://www.instagram.com/aa.rushi2578",
          "value": "aa.rushi2578",
          "timestamp": 1693252231
        }
      ]
    },
    {
      "title": "",
      "media_list_data": [
        
      ],
      "string_list_data": [
        {
          "href": "https://www.instagram.com/meen_9812",
          "value": "meen_9812",
          "timestamp": 1692710804
        }
      ]
    },
    {
      "title": "",
      "media_list_data": [
        
      ],
      "string_list_data": [
        {
          "href": "https://www.instagram.com/puneetsuper_starrrr",
          "value": "puneetsuper_starrrr",
          "timestamp": 1690451292
        }
      ]
    },
    {
      "title": "",
      "media_list_data": [
        
      ],
      "string_list_data": [
        {
          "href": "https://www.instagram.com/nfak_loversss",
          "value": "nfak_loversss",
          "timestamp": 1686422119
        }
      ]
    },
    {
      "title": "",
      "media_list_data": [
        
      ],
      "string_list_data": [
        {
          "href": "https://www.instagram.com/_anushkamittal_",
          "value": "_anushkamittal_",
          "timestamp": 1683652114
        }
      ]
    },
    {
      "title": "",
      "media_list_data": [
        
      ],
      "string_list_data": [
        {
          "href": "https://www.instagram.com/aakanksha_tyagi_",
          "value": "aakanksha_tyagi_",
          "timestamp": 1682080491
        }
      ]
    },
    {
      "title": "",
      "media_list_data": [
        
      ],
      "string_list_data": [
        {
          "href": "https://www.instagram.com/sona_bhardwaj",
          "value": "sona_bhardwaj",
          "timestamp": 1678605832
        }
      ]
    },
    {
      "title": "",
      "media_list_data": [
        
      ],
      "string_list_data": [
        {
          "href": "https://www.instagram.com/rahulalam",
          "value": "rahulalam",
          "timestamp": 1677775648
        }
      ]
    },
    {
      "title": "",
      "media_list_data": [
        
      ],
      "string_list_data": [
        {
          "href": "https://www.instagram.com/stoicsanity",
          "value": "stoicsanity",
          "timestamp": 1676786331
        }
      ]
    },
    {
      "title": "",
      "media_list_data": [
        
      ],
      "string_list_data": [
        {
          "href": "https://www.instagram.com/aagaaz_official",
          "value": "aagaaz_official",
          "timestamp": 1676727476
        }
      ]
    },
    {
      "title": "",
      "media_list_data": [
        
      ],
      "string_list_data": [
        {
          "href": "https://www.instagram.com/sir40k",
          "value": "sir40k",
          "timestamp": 1675761661
        }
      ]
    },
    {
      "title": "",
      "media_list_data": [
        
      ],
      "string_list_data": [
        {
          "href": "https://www.instagram.com/pathsofmeaning",
          "value": "pathsofmeaning",
          "timestamp": 1674974759
        }
      ]
    },
    {
      "title": "",
      "media_list_data": [
        
      ],
      "string_list_data": [
        {
          "href": "https://www.instagram.com/anytimefitnessrajourigarden",
          "value": "anytimefitnessrajourigarden",
          "timestamp": 1673638043
        }
      ]
    },
    {
      "title": "",
      "media_list_data": [
        
      ],
      "string_list_data": [
        {
          "href": "https://www.instagram.com/mansvi97",
          "value": "mansvi97",
          "timestamp": 1672327547
        }
      ]
    },
    {
      "title": "",
      "media_list_data": [
        
      ],
      "string_list_data": [
        {
          "href": "https://www.instagram.com/pmorpheus_",
          "value": "pmorpheus_",
          "timestamp": 1671916600
        }
      ]
    },
    {
      "title": "",
      "media_list_data": [
        
      ],
      "string_list_data": [
        {
          "href": "https://www.instagram.com/goyal__aayush",
          "value": "goyal__aayush",
          "timestamp": 1669391960
        }
      ]
    },
    {
      "title": "",
      "media_list_data": [
        
      ],
      "string_list_data": [
        {
          "href": "https://www.instagram.com/virat.kohli",
          "value": "virat.kohli",
          "timestamp": 1666975186
        }
      ]
    },
    {
      "title": "",
      "media_list_data": [
        
      ],
      "string_list_data": [
        {
          "href": "https://www.instagram.com/temp.177",
          "value": "temp.177",
          "timestamp": 1664711865
        }
      ]
    },
    {
      "title": "",
      "media_list_data": [
        
      ],
      "string_list_data": [
        {
          "href": "https://www.instagram.com/gokul.ajith18",
          "value": "gokul.ajith18",
          "timestamp": 1664613083
        }
      ]
    },
    {
      "title": "",
      "media_list_data": [
        
      ],
      "string_list_data": [
        {
          "href": "https://www.instagram.com/_kishankumar_",
          "value": "_kishankumar_",
          "timestamp": 1662558060
        }
      ]
    },
    {
      "title": "",
      "media_list_data": [
        
      ],
      "string_list_data": [
        {
          "href": "https://www.instagram.com/lakshyasinha71",
          "value": "lakshyasinha71",
          "timestamp": 1662170463
        }
      ]
    },
    {
      "title": "",
      "media_list_data": [
        
      ],
      "string_list_data": [
        {
          "href": "https://www.instagram.com/shruti105",
          "value": "shruti105",
          "timestamp": 1661707633
        }
      ]
    },
    {
      "title": "",
      "media_list_data": [
        
      ],
      "string_list_data": [
        {
          "href": "https://www.instagram.com/kriti1410",
          "value": "kriti1410",
          "timestamp": 1661706264
        }
      ]
    },
    {
      "title": "",
      "media_list_data": [
        
      ],
      "string_list_data": [
        {
          "href": "https://www.instagram.com/sachin.pant",
          "value": "sachin.pant",
          "timestamp": 1661633294
        }
      ]
    },
    {
      "title": "",
      "media_list_data": [
        
      ],
      "string_list_data": [
        {
          "href": "https://www.instagram.com/k.shakuntala3",
          "value": "k.shakuntala3",
          "timestamp": 1659603154
        }
      ]
    },
    {
      "title": "",
      "media_list_data": [
        
      ],
      "string_list_data": [
        {
          "href": "https://www.instagram.com/kavyagauba17",
          "value": "kavyagauba17",
          "timestamp": 1657787874
        }
      ]
    },
    {
      "title": "",
      "media_list_data": [
        
      ],
      "string_list_data": [
        {
          "href": "https://www.instagram.com/yogeshwari_shokeen",
          "value": "yogeshwari_shokeen",
          "timestamp": 1653778132
        }
      ]
    },
    {
      "title": "",
      "media_list_data": [
        
      ],
      "string_list_data": [
        {
          "href": "https://www.instagram.com/stuti_791",
          "value": "stuti_791",
          "timestamp": 1652672465
        }
      ]
    },
    {
      "title": "",
      "media_list_data": [
        
      ],
      "string_list_data": [
        {
          "href": "https://www.instagram.com/awkward._.bing",
          "value": "awkward._.bing",
          "timestamp": 1652646155
        }
      ]
    },
    {
      "title": "",
      "media_list_data": [
        
      ],
      "string_list_data": [
        {
          "href": "https://www.instagram.com/_p_a_h_a_d_i_l_a_d_k_i_",
          "value": "_p_a_h_a_d_i_l_a_d_k_i_",
          "timestamp": 1649007041
        }
      ]
    },
    {
      "title": "",
      "media_list_data": [
        
      ],
      "string_list_data": [
        {
          "href": "https://www.instagram.com/bhanvsingh",
          "value": "bhanvsingh",
          "timestamp": 1644405816
        }
      ]
    },
    {
      "title": "",
      "media_list_data": [
        
      ],
      "string_list_data": [
        {
          "href": "https://www.instagram.com/kartik_anand22",
          "value": "kartik_anand22",
          "timestamp": 1642057279
        }
      ]
    },
    {
      "title": "",
      "media_list_data": [
        
      ],
      "string_list_data": [
        {
          "href": "https://www.instagram.com/thechessblog",
          "value": "thechessblog",
          "timestamp": 1639982204
        }
      ]
    },
    {
      "title": "",
      "media_list_data": [
        
      ],
      "string_list_data": [
        {
          "href": "https://www.instagram.com/kingsgambit2700",
          "value": "kingsgambit2700",
          "timestamp": 1639421789
        }
      ]
    },
    {
      "title": "",
      "media_list_data": [
        
      ],
      "string_list_data": [
        {
          "href": "https://www.instagram.com/vanshikabhatotia",
          "value": "vanshikabhatotia",
          "timestamp": 1637954991
        }
      ]
    },
    {
      "title": "",
      "media_list_data": [
        
      ],
      "string_list_data": [
        {
          "href": "https://www.instagram.com/sharmaprakriti73",
          "value": "sharmaprakriti73",
          "timestamp": 1636379559
        }
      ]
    },
    {
      "title": "",
      "media_list_data": [
        
      ],
      "string_list_data": [
        {
          "href": "https://www.instagram.com/keshavhbtu",
          "value": "keshavhbtu",
          "timestamp": 1635701101
        }
      ]
    },
    {
      "title": "",
      "media_list_data": [
        
      ],
      "string_list_data": [
        {
          "href": "https://www.instagram.com/simran__dudeja",
          "value": "simran__dudeja",
          "timestamp": 1633015772
        }
      ]
    },
    {
      "title": "",
      "media_list_data": [
        
      ],
      "string_list_data": [
        {
          "href": "https://www.instagram.com/mahakbagha",
          "value": "mahakbagha",
          "timestamp": 1632718796
        }
      ]
    },
    {
      "title": "",
      "media_list_data": [
        
      ],
      "string_list_data": [
        {
          "href": "https://www.instagram.com/dynamiteasylum",
          "value": "dynamiteasylum",
          "timestamp": 1631731986
        }
      ]
    },
    {
      "title": "",
      "media_list_data": [
        
      ],
      "string_list_data": [
        {
          "href": "https://www.instagram.com/cristiano",
          "value": "cristiano",
          "timestamp": 1626602784
        }
      ]
    },
    {
      "title": "",
      "media_list_data": [
        
      ],
      "string_list_data": [
        {
          "href": "https://www.instagram.com/ria_the_shrivastava",
          "value": "ria_the_shrivastava",
          "timestamp": 1625928543
        }
      ]
    },
    {
      "title": "",
      "media_list_data": [
        
      ],
      "string_list_data": [
        {
          "href": "https://www.instagram.com/brfootball",
          "value": "brfootball",
          "timestamp": 1621888433
        }
      ]
    },
    {
      "title": "",
      "media_list_data": [
        
      ],
      "string_list_data": [
        {
          "href": "https://www.instagram.com/433",
          "value": "433",
          "timestamp": 1621888426
        }
      ]
    },
    {
      "title": "",
      "media_list_data": [
        
      ],
      "string_list_data": [
        {
          "href": "https://www.instagram.com/pragyamalik_",
          "value": "pragyamalik_",
          "timestamp": 1619511289
        }
      ]
    },
    {
      "title": "",
      "media_list_data": [
        
      ],
      "string_list_data": [
        {
          "href": "https://www.instagram.com/avi3117",
          "value": "avi3117",
          "timestamp": 1619439282
        }
      ]
    },
    {
      "title": "",
      "media_list_data": [
        
      ],
      "string_list_data": [
        {
          "href": "https://www.instagram.com/lifeinametroo",
          "value": "lifeinametroo",
          "timestamp": 1617736156
        }
      ]
    },
    {
      "title": "",
      "media_list_data": [
        
      ],
      "string_list_data": [
        {
          "href": "https://www.instagram.com/sakshi1007",
          "value": "sakshi1007",
          "timestamp": 1613450255
        }
      ]
    },
    {
      "title": "",
      "media_list_data": [
        
      ],
      "string_list_data": [
        {
          "href": "https://www.instagram.com/anukriti.sahni",
          "value": "anukriti.sahni",
          "timestamp": 1613386857
        }
      ]
    },
    {
      "title": "",
      "media_list_data": [
        
      ],
      "string_list_data": [
        {
          "href": "https://www.instagram.com/megha.porwal",
          "value": "megha.porwal",
          "timestamp": 1611912022
        }
      ]
    },
    {
      "title": "",
      "media_list_data": [
        
      ],
      "string_list_data": [
        {
          "href": "https://www.instagram.com/meharpallavi",
          "value": "meharpallavi",
          "timestamp": 1611194802
        }
      ]
    },
    {
      "title": "",
      "media_list_data": [
        
      ],
      "string_list_data": [
        {
          "href": "https://www.instagram.com/snober_niss",
          "value": "snober_niss",
          "timestamp": 1611029520
        }
      ]
    },
    {
      "title": "",
      "media_list_data": [
        
      ],
      "string_list_data": [
        {
          "href": "https://www.instagram.com/drawmyattention",
          "value": "drawmyattention",
          "timestamp": 1610340921
        }
      ]
    },
    {
      "title": "",
      "media_list_data": [
        
      ],
      "string_list_data": [
        {
          "href": "https://www.instagram.com/kiran._.khatrii",
          "value": "kiran._.khatrii",
          "timestamp": 1610127110
        }
      ]
    },
    {
      "title": "",
      "media_list_data": [
        
      ],
      "string_list_data": [
        {
          "href": "https://www.instagram.com/aarushiii.11",
          "value": "aarushiii.11",
          "timestamp": 1604510260
        }
      ]
    },
    {
      "title": "",
      "media_list_data": [
        
      ],
      "string_list_data": [
        {
          "href": "https://www.instagram.com/tanyadoomra11",
          "value": "tanyadoomra11",
          "timestamp": 1603272707
        }
      ]
    },
    {
      "title": "",
      "media_list_data": [
        
      ],
      "string_list_data": [
        {
          "href": "https://www.instagram.com/rajat._sharma.__",
          "value": "rajat._sharma.__",
          "timestamp": 1591046673
        }
      ]
    },
    {
      "title": "",
      "media_list_data": [
        
      ],
      "string_list_data": [
        {
          "href": "https://www.instagram.com/mansi.ar25",
          "value": "mansi.ar25",
          "timestamp": 1591008900
        }
      ]
    },
    {
      "title": "",
      "media_list_data": [
        
      ],
      "string_list_data": [
        {
          "href": "https://www.instagram.com/johnty_lal",
          "value": "johnty_lal",
          "timestamp": 1589875898
        }
      ]
    },
    {
      "title": "",
      "media_list_data": [
        
      ],
      "string_list_data": [
        {
          "href": "https://www.instagram.com/tarang.j97",
          "value": "tarang.j97",
          "timestamp": 1581787078
        }
      ]
    },
    {
      "title": "",
      "media_list_data": [
        
      ],
      "string_list_data": [
        {
          "href": "https://www.instagram.com/leomessi",
          "value": "leomessi",
          "timestamp": 1579958425
        }
      ]
    },
    {
      "title": "",
      "media_list_data": [
        
      ],
      "string_list_data": [
        {
          "href": "https://www.instagram.com/nikhilaggarwal92",
          "value": "nikhilaggarwal92",
          "timestamp": 1578059465
        }
      ]
    },
    {
      "title": "",
      "media_list_data": [
        
      ],
      "string_list_data": [
        {
          "href": "https://www.instagram.com/prachiiiiiiiiiiiiii",
          "value": "prachiiiiiiiiiiiiii",
          "timestamp": 1575960076
        }
      ]
    },
    {
      "title": "",
      "media_list_data": [
        
      ],
      "string_list_data": [
        {
          "href": "https://www.instagram.com/plakshakapoor",
          "value": "plakshakapoor",
          "timestamp": 1571390542
        }
      ]
    },
    {
      "title": "",
      "media_list_data": [
        
      ],
      "string_list_data": [
        {
          "href": "https://www.instagram.com/sharvitomar24",
          "value": "sharvitomar24",
          "timestamp": 1570860752
        }
      ]
    },
    {
      "title": "",
      "media_list_data": [
        
      ],
      "string_list_data": [
        {
          "href": "https://www.instagram.com/chaudharydivesh",
          "value": "chaudharydivesh",
          "timestamp": 1566014615
        }
      ]
    },
    {
      "title": "",
      "media_list_data": [
        
      ],
      "string_list_data": [
        {
          "href": "https://www.instagram.com/yagami_kunal",
          "value": "yagami_kunal",
          "timestamp": 1564075740
        }
      ]
    },
    {
      "title": "",
      "media_list_data": [
        
      ],
      "string_list_data": [
        {
          "href": "https://www.instagram.com/lakshayamarpuri",
          "value": "lakshayamarpuri",
          "timestamp": 1563383085
        }
      ]
    },
    {
      "title": "",
      "media_list_data": [
        
      ],
      "string_list_data": [
        {
          "href": "https://www.instagram.com/sam.sar97",
          "value": "sam.sar97",
          "timestamp": 1563110958
        }
      ]
    },
    {
      "title": "",
      "media_list_data": [
        
      ],
      "string_list_data": [
        {
          "href": "https://www.instagram.com/vishalagg11",
          "value": "vishalagg11",
          "timestamp": 1563094771
        }
      ]
    },
    {
      "title": "",
      "media_list_data": [
        
      ],
      "string_list_data": [
        {
          "href": "https://www.instagram.com/manjeetroy_2612",
          "value": "manjeetroy_2612",
          "timestamp": 1562846175
        }
      ]
    },
    {
      "title": "",
      "media_list_data": [
        
      ],
      "string_list_data": [
        {
          "href": "https://www.instagram.com/himanshu_2795",
          "value": "himanshu_2795",
          "timestamp": 1561655241
        }
      ]
    },
    {
      "title": "",
      "media_list_data": [
        
      ],
      "string_list_data": [
        {
          "href": "https://www.instagram.com/arvind270",
          "value": "arvind270",
          "timestamp": 1561484101
        }
      ]
    },
    {
      "title": "",
      "media_list_data": [
        
      ],
      "string_list_data": [
        {
          "href": "https://www.instagram.com/scionofpali",
          "value": "scionofpali",
          "timestamp": 1560888412
        }
      ]
    },
    {
      "title": "",
      "media_list_data": [
        
      ],
      "string_list_data": [
        {
          "href": "https://www.instagram.com/_nayak_shashwat",
          "value": "_nayak_shashwat",
          "timestamp": 1560105578
        }
      ]
    },
    {
      "title": "",
      "media_list_data": [
        
      ],
      "string_list_data": [
        {
          "href": "https://www.instagram.com/ds_deependra",
          "value": "ds_deependra",
          "timestamp": 1559667726
        }
      ]
    },
    {
      "title": "",
      "media_list_data": [
        
      ],
      "string_list_data": [
        {
          "href": "https://www.instagram.com/meenal_chaudhary",
          "value": "meenal_chaudhary",
          "timestamp": 1559071597
        }
      ]
    },
    {
      "title": "",
      "media_list_data": [
        
      ],
      "string_list_data": [
        {
          "href": "https://www.instagram.com/_p_you_sh_",
          "value": "_p_you_sh_",
          "timestamp": 1558250706
        }
      ]
    },
    {
      "title": "",
      "media_list_data": [
        
      ],
      "string_list_data": [
        {
          "href": "https://www.instagram.com/s__000999",
          "value": "s__000999",
          "timestamp": 1556961205
        }
      ]
    },
    {
      "title": "",
      "media_list_data": [
        
      ],
      "string_list_data": [
        {
          "href": "https://www.instagram.com/_narula_prince_",
          "value": "_narula_prince_",
          "timestamp": 1553025966
        }
      ]
    },
    {
      "title": "",
      "media_list_data": [
        
      ],
      "string_list_data": [
        {
          "href": "https://www.instagram.com/srishhhm",
          "value": "srishhhm",
          "timestamp": 1552069142
        }
      ]
    },
    {
      "title": "",
      "media_list_data": [
        
      ],
      "string_list_data": [
        {
          "href": "https://www.instagram.com/tavish_gulati",
          "value": "tavish_gulati",
          "timestamp": 1540135374
        }
      ]
    },
    {
      "title": "",
      "media_list_data": [
        
      ],
      "string_list_data": [
        {
          "href": "https://www.instagram.com/nisheetd",
          "value": "nisheetd",
          "timestamp": 1521078008
        }
      ]
    },
    {
      "title": "",
      "media_list_data": [
        
      ],
      "string_list_data": [
        {
          "href": "https://www.instagram.com/divyanshuarora7",
          "value": "divyanshuarora7",
          "timestamp": 1520795442
        }
      ]
    },
    {
      "title": "",
      "media_list_data": [
        
      ],
      "string_list_data": [
        {
          "href": "https://www.instagram.com/bhargava_vaibhav",
          "value": "bhargava_vaibhav",
          "timestamp": 1520769104
        }
      ]
    },
    {
      "title": "",
      "media_list_data": [
        
      ],
      "string_list_data": [
        {
          "href": "https://www.instagram.com/nit.yayaya",
          "value": "nit.yayaya",
          "timestamp": 1520768650
        }
      ]
    },
    {
      "title": "",
      "media_list_data": [
        
      ],
      "string_list_data": [
        {
          "href": "https://www.instagram.com/shlok.kumar97",
          "value": "shlok.kumar97",
          "timestamp": 1520766212
        }
      ]
    },
    {
      "title": "",
      "media_list_data": [
        
      ],
      "string_list_data": [
        {
          "href": "https://www.instagram.com/amrita_surana",
          "value": "amrita_surana",
          "timestamp": 1511802106
        }
      ]
    },
    {
      "title": "",
      "media_list_data": [
        
      ],
      "string_list_data": [
        {
          "href": "https://www.instagram.com/rishabhxsingh",
          "value": "rishabhxsingh",
          "timestamp": 1503137049
        }
      ]
    },
    {
      "title": "",
      "media_list_data": [
        
      ],
      "string_list_data": [
        {
          "href": "https://www.instagram.com/_nushh",
          "value": "_nushh",
          "timestamp": 1469538149
        }
      ]
    },
    {
      "title": "",
      "media_list_data": [
        
      ],
      "string_list_data": [
        {
          "href": "https://www.instagram.com/manikabhatotia",
          "value": "manikabhatotia",
          "timestamp": 1448211749
        }
      ]
    }
  ]
}