{
  "relationships_follow_requests_received": [
    {
      "title": "",
      "media_list_data": [
        
      ],
      "string_list_data": [
        {
          "href": "https://www.instagram.com/oggyyyyyyyyyy_05",
          "value": "oggyyyyyyyyyy_05",
          "timestamp": 1703490326
        }
      ]
    },
    {
      "title": "",
      "media_list_data": [
        
      ],
      "string_list_data": [
        {
          "href": "https://www.instagram.com/cultfit_paschimvihar",
          "value": "cultfit_paschimvihar",
          "timestamp": 1698924698
        }
      ]
    },
    {
      "title": "",
      "media_list_data": [
        
      ],
      "string_list_data": [
        {
          "href": "https://www.instagram.com/piku_988",
          "value": "piku_988",
          "timestamp": 1694317822
        }
      ]
    },
    {
      "title": "",
      "media_list_data": [
        
      ],
      "string_list_data": [
        {
          "href": "https://www.instagram.com/kpankhania14",
          "value": "kpankhania14",
          "timestamp": 1694194419
        }
      ]
    },
    {
      "title": "",
      "media_list_data": [
        
      ],
      "string_list_data": [
        {
          "href": "https://www.instagram.com/1095_meen",
          "value": "1095_meen",
          "timestamp": 1688923494
        }
      ]
    },
    {
      "title": "",
      "media_list_data": [
        
      ],
      "string_list_data": [
        {
          "href": "https://www.instagram.com/priya_sharma_000007777",
          "value": "priya_sharma_000007777",
          "timestamp": 1686847686
        }
      ]
    },
    {
      "title": "",
      "media_list_data": [
        
      ],
      "string_list_data": [
        {
          "href": "https://www.instagram.com/invicible_pyro",
          "value": "invicible_pyro",
          "timestamp": 1686312367
        }
      ]
    },
    {
      "title": "",
      "media_list_data": [
        
      ],
      "string_list_data": [
        {
          "href": "https://www.instagram.com/kingsgambit2700",
          "value": "kingsgambit2700",
          "timestamp": 1684691204
        }
      ]
    },
    {
      "title": "",
      "media_list_data": [
        
      ],
      "string_list_data": [
        {
          "href": "https://www.instagram.com/linda.__6",
          "value": "linda.__6",
          "timestamp": 1678231243
        }
      ]
    },
    {
      "title": "",
      "media_list_data": [
        
      ],
      "string_list_data": [
        {
          "href": "https://www.instagram.com/mr.sanketh._.spoojary",
          "value": "mr.sanketh._.spoojary",
          "timestamp": 1677986093
        }
      ]
    },
    {
      "title": "",
      "media_list_data": [
        
      ],
      "string_list_data": [
        {
          "href": "https://www.instagram.com/its.me.zhina",
          "value": "its.me.zhina",
          "timestamp": 1676757755
        }
      ]
    },
    {
      "title": "",
      "media_list_data": [
        
      ],
      "string_list_data": [
        {
          "href": "https://www.instagram.com/olaf_chess_profile",
          "value": "olaf_chess_profile",
          "timestamp": 1658273680
        }
      ]
    },
    {
      "title": "",
      "media_list_data": [
        
      ],
      "string_list_data": [
        {
          "href": "https://www.instagram.com/chorbandar",
          "value": "chorbandar",
          "timestamp": 1652811408
        }
      ]
    },
    {
      "title": "",
      "media_list_data": [
        
      ],
      "string_list_data": [
        {
          "href": "https://www.instagram.com/vari_agarwal",
          "value": "vari_agarwal",
          "timestamp": 1650729089
        }
      ]
    },
    {
      "title": "",
      "media_list_data": [
        
      ],
      "string_list_data": [
        {
          "href": "https://www.instagram.com/hiteshkumar0099",
          "value": "hiteshkumar0099",
          "timestamp": 1646763646
        }
      ]
    },
    {
      "title": "",
      "media_list_data": [
        
      ],
      "string_list_data": [
        {
          "href": "https://www.instagram.com/shikha.tiwari.7587",
          "value": "shikha.tiwari.7587",
          "timestamp": 1645399547
        }
      ]
    },
    {
      "title": "",
      "media_list_data": [
        
      ],
      "string_list_data": [
        {
          "href": "https://www.instagram.com/musollinieseta",
          "value": "musollinieseta",
          "timestamp": 1637246224
        }
      ]
    },
    {
      "title": "",
      "media_list_data": [
        
      ],
      "string_list_data": [
        {
          "href": "https://www.instagram.com/trufflingaroundd",
          "value": "trufflingaroundd",
          "timestamp": 1636733600
        }
      ]
    },
    {
      "title": "",
      "media_list_data": [
        
      ],
      "string_list_data": [
        {
          "href": "https://www.instagram.com/kainstyle_multibrand_store",
          "value": "kainstyle_multibrand_store",
          "timestamp": 1635137981
        }
      ]
    },
    {
      "title": "",
      "media_list_data": [
        
      ],
      "string_list_data": [
        {
          "href": "https://www.instagram.com/hemabatra19",
          "value": "hemabatra19",
          "timestamp": 1633887066
        }
      ]
    },
    {
      "title": "",
      "media_list_data": [
        
      ],
      "string_list_data": [
        {
          "href": "https://www.instagram.com/chaity1601",
          "value": "chaity1601",
          "timestamp": 1632061307
        }
      ]
    },
    {
      "title": "",
      "media_list_data": [
        
      ],
      "string_list_data": [
        {
          "href": "https://www.instagram.com/akshay_trigun",
          "value": "akshay_trigun",
          "timestamp": 1626602876
        }
      ]
    },
    {
      "title": "",
      "media_list_data": [
        
      ],
      "string_list_data": [
        {
          "href": "https://www.instagram.com/sports.__.united",
          "value": "sports.__.united",
          "timestamp": 1626350492
        }
      ]
    },
    {
      "title": "",
      "media_list_data": [
        
      ],
      "string_list_data": [
        {
          "href": "https://www.instagram.com/_shivamishra",
          "value": "_shivamishra",
          "timestamp": 1625673279
        }
      ]
    },
    {
      "title": "",
      "media_list_data": [
        
      ],
      "string_list_data": [
        {
          "href": "https://www.instagram.com/simrankaur1509",
          "value": "simrankaur1509",
          "timestamp": 1625285176
        }
      ]
    },
    {
      "title": "",
      "media_list_data": [
        
      ],
      "string_list_data": [
        {
          "href": "https://www.instagram.com/arjun27sadwani",
          "value": "arjun27sadwani",
          "timestamp": 1623661419
        }
      ]
    },
    {
      "title": "",
      "media_list_data": [
        
      ],
      "string_list_data": [
        {
          "href": "https://www.instagram.com/cr7_legacy_7",
          "value": "cr7_legacy_7",
          "timestamp": 1621888890
        }
      ]
    },
    {
      "title": "",
      "media_list_data": [
        
      ],
      "string_list_data": [
        {
          "href": "https://www.instagram.com/sandraandrewss",
          "value": "sandraandrewss",
          "timestamp": 1620974276
        }
      ]
    },
    {
      "title": "",
      "media_list_data": [
        
      ],
      "string_list_data": [
        {
          "href": "https://www.instagram.com/silvi.madan",
          "value": "silvi.madan",
          "timestamp": 1618853515
        }
      ]
    },
    {
      "title": "",
      "media_list_data": [
        
      ],
      "string_list_data": [
        {
          "href": "https://www.instagram.com/geetanjalib9",
          "value": "geetanjalib9",
          "timestamp": 1617256602
        }
      ]
    },
    {
      "title": "",
      "media_list_data": [
        
      ],
      "string_list_data": [
        {
          "href": "https://www.instagram.com/taaniaggarwal2705",
          "value": "taaniaggarwal2705",
          "timestamp": 1616473544
        }
      ]
    },
    {
      "title": "",
      "media_list_data": [
        
      ],
      "string_list_data": [
        {
          "href": "https://www.instagram.com/gaurav__shrmaa",
          "value": "gaurav__shrmaa",
          "timestamp": 1615055414
        }
      ]
    },
    {
      "title": "",
      "media_list_data": [
        
      ],
      "string_list_data": [
        {
          "href": "https://www.instagram.com/2awkward4you",
          "value": "2awkward4you",
          "timestamp": 1614946140
        }
      ]
    },
    {
      "title": "",
      "media_list_data": [
        
      ],
      "string_list_data": [
        {
          "href": "https://www.instagram.com/dhruvrastogi.11",
          "value": "dhruvrastogi.11",
          "timestamp": 1610881131
        }
      ]
    },
    {
      "title": "",
      "media_list_data": [
        
      ],
      "string_list_data": [
        {
          "href": "https://www.instagram.com/iamrohitchaudhary98",
          "value": "iamrohitchaudhary98",
          "timestamp": 1603718910
        }
      ]
    },
    {
      "title": "",
      "media_list_data": [
        
      ],
      "string_list_data": [
        {
          "href": "https://www.instagram.com/rohannn.explores",
          "value": "rohannn.explores",
          "timestamp": 1602353477
        }
      ]
    },
    {
      "title": "",
      "media_list_data": [
        
      ],
      "string_list_data": [
        {
          "href": "https://www.instagram.com/shivamm148",
          "value": "shivamm148",
          "timestamp": 1595516573
        }
      ]
    },
    {
      "title": "",
      "media_list_data": [
        
      ],
      "string_list_data": [
        {
          "href": "https://www.instagram.com/loweststore008",
          "value": "loweststore008",
          "timestamp": 1593545795
        }
      ]
    },
    {
      "title": "",
      "media_list_data": [
        
      ],
      "string_list_data": [
        {
          "href": "https://www.instagram.com/sourabhjangrax",
          "value": "sourabhjangrax",
          "timestamp": 1590589864
        }
      ]
    }
  ]
}