[
  {
    "title": "",
    "media_list_data": [
      
    ],
    "string_list_data": [
      {
        "href": "https://www.instagram.com/jyoti__beniwal",
        "value": "jyoti__beniwal",
        "timestamp": 1709838690
      }
    ]
  },
  {
    "title": "",
    "media_list_data": [
      
    ],
    "string_list_data": [
      {
        "href": "https://www.instagram.com/shreyagarg_97",
        "value": "shreyagarg_97",
        "timestamp": 1709711079
      }
    ]
  },
  {
    "title": "",
    "media_list_data": [
      
    ],
    "string_list_data": [
      {
        "href": "https://www.instagram.com/yamspvtt",
        "value": "yamspvtt",
        "timestamp": 1708946565
      }
    ]
  },
  {
    "title": "",
    "media_list_data": [
      
    ],
    "string_list_data": [
      {
        "href": "https://www.instagram.com/ilisha_arora_",
        "value": "ilisha_arora_",
        "timestamp": 1708806879
      }
    ]
  },
  {
    "title": "",
    "media_list_data": [
      
    ],
    "string_list_data": [
      {
        "href": "https://www.instagram.com/whokilledyamss",
        "value": "whokilledyamss",
        "timestamp": 1708685896
      }
    ]
  },
  {
    "title": "",
    "media_list_data": [
      
    ],
    "string_list_data": [
      {
        "href": "https://www.instagram.com/meen_9812",
        "value": "meen_9812",
        "timestamp": 1708188565
      }
    ]
  },
  {
    "title": "",
    "media_list_data": [
      
    ],
    "string_list_data": [
      {
        "href": "https://www.instagram.com/a_xanyaa7",
        "value": "a_xanyaa7",
        "timestamp": 1706994207
      }
    ]
  },
  {
    "title": "",
    "media_list_data": [
      
    ],
    "string_list_data": [
      {
        "href": "https://www.instagram.com/kushagrasamarth",
        "value": "kushagrasamarth",
        "timestamp": 1700652988
      }
    ]
  },
  {
    "title": "",
    "media_list_data": [
      
    ],
    "string_list_data": [
      {
        "href": "https://www.instagram.com/sha_kuntala",
        "value": "sha_kuntala",
        "timestamp": 1700626401
      }
    ]
  },
  {
    "title": "",
    "media_list_data": [
      
    ],
    "string_list_data": [
      {
        "href": "https://www.instagram.com/smile_somya",
        "value": "smile_somya",
        "timestamp": 1700556925
      }
    ]
  },
  {
    "title": "",
    "media_list_data": [
      
    ],
    "string_list_data": [
      {
        "href": "https://www.instagram.com/nitya.verma22",
        "value": "nitya.verma22",
        "timestamp": 1694979541
      }
    ]
  },
  {
    "title": "",
    "media_list_data": [
      
    ],
    "string_list_data": [
      {
        "href": "https://www.instagram.com/dimple_saini07",
        "value": "dimple_saini07",
        "timestamp": 1693719197
      }
    ]
  },
  {
    "title": "",
    "media_list_data": [
      
    ],
    "string_list_data": [
      {
        "href": "https://www.instagram.com/aa.rushi2578",
        "value": "aa.rushi2578",
        "timestamp": 1693291363
      }
    ]
  },
  {
    "title": "",
    "media_list_data": [
      
    ],
    "string_list_data": [
      {
        "href": "https://www.instagram.com/_anushkamittal_",
        "value": "_anushkamittal_",
        "timestamp": 1683650604
      }
    ]
  },
  {
    "title": "",
    "media_list_data": [
      
    ],
    "string_list_data": [
      {
        "href": "https://www.instagram.com/aakanksha_tyagi_",
        "value": "aakanksha_tyagi_",
        "timestamp": 1682080482
      }
    ]
  },
  {
    "title": "",
    "media_list_data": [
      
    ],
    "string_list_data": [
      {
        "href": "https://www.instagram.com/sona_bhardwaj",
        "value": "sona_bhardwaj",
        "timestamp": 1678605828
      }
    ]
  },
  {
    "title": "",
    "media_list_data": [
      
    ],
    "string_list_data": [
      {
        "href": "https://www.instagram.com/rahulalam",
        "value": "rahulalam",
        "timestamp": 1677802198
      }
    ]
  },
  {
    "title": "",
    "media_list_data": [
      
    ],
    "string_list_data": [
      {
        "href": "https://www.instagram.com/aagaaz_official",
        "value": "aagaaz_official",
        "timestamp": 1676727476
      }
    ]
  },
  {
    "title": "",
    "media_list_data": [
      
    ],
    "string_list_data": [
      {
        "href": "https://www.instagram.com/sir40k",
        "value": "sir40k",
        "timestamp": 1675761337
      }
    ]
  },
  {
    "title": "",
    "media_list_data": [
      
    ],
    "string_list_data": [
      {
        "href": "https://www.instagram.com/mansvi97",
        "value": "mansvi97",
        "timestamp": 1672328521
      }
    ]
  },
  {
    "title": "",
    "media_list_data": [
      
    ],
    "string_list_data": [
      {
        "href": "https://www.instagram.com/pmorpheus_",
        "value": "pmorpheus_",
        "timestamp": 1671916618
      }
    ]
  },
  {
    "title": "",
    "media_list_data": [
      
    ],
    "string_list_data": [
      {
        "href": "https://www.instagram.com/goyal__aayush",
        "value": "goyal__aayush",
        "timestamp": 1669390365
      }
    ]
  },
  {
    "title": "",
    "media_list_data": [
      
    ],
    "string_list_data": [
      {
        "href": "https://www.instagram.com/gokul.ajith18",
        "value": "gokul.ajith18",
        "timestamp": 1664612657
      }
    ]
  },
  {
    "title": "",
    "media_list_data": [
      
    ],
    "string_list_data": [
      {
        "href": "https://www.instagram.com/_kishankumar_",
        "value": "_kishankumar_",
        "timestamp": 1662556646
      }
    ]
  },
  {
    "title": "",
    "media_list_data": [
      
    ],
    "string_list_data": [
      {
        "href": "https://www.instagram.com/lakshyasinha71",
        "value": "lakshyasinha71",
        "timestamp": 1662170562
      }
    ]
  },
  {
    "title": "",
    "media_list_data": [
      
    ],
    "string_list_data": [
      {
        "href": "https://www.instagram.com/kriti1410",
        "value": "kriti1410",
        "timestamp": 1661706325
      }
    ]
  },
  {
    "title": "",
    "media_list_data": [
      
    ],
    "string_list_data": [
      {
        "href": "https://www.instagram.com/sachin.pant",
        "value": "sachin.pant",
        "timestamp": 1661633646
      }
    ]
  },
  {
    "title": "",
    "media_list_data": [
      
    ],
    "string_list_data": [
      {
        "href": "https://www.instagram.com/k.shakuntala3",
        "value": "k.shakuntala3",
        "timestamp": 1659604750
      }
    ]
  },
  {
    "title": "",
    "media_list_data": [
      
    ],
    "string_list_data": [
      {
        "href": "https://www.instagram.com/divyanshuarora7",
        "value": "divyanshuarora7",
        "timestamp": 1658531014
      }
    ]
  },
  {
    "title": "",
    "media_list_data": [
      
    ],
    "string_list_data": [
      {
        "href": "https://www.instagram.com/s__000999",
        "value": "s__000999",
        "timestamp": 1658012103
      }
    ]
  },
  {
    "title": "",
    "media_list_data": [
      
    ],
    "string_list_data": [
      {
        "href": "https://www.instagram.com/kavyagauba17",
        "value": "kavyagauba17",
        "timestamp": 1657788570
      }
    ]
  },
  {
    "title": "",
    "media_list_data": [
      
    ],
    "string_list_data": [
      {
        "href": "https://www.instagram.com/yogeshwari_shokeen",
        "value": "yogeshwari_shokeen",
        "timestamp": 1653805565
      }
    ]
  },
  {
    "title": "",
    "media_list_data": [
      
    ],
    "string_list_data": [
      {
        "href": "https://www.instagram.com/stuti_791",
        "value": "stuti_791",
        "timestamp": 1652682517
      }
    ]
  },
  {
    "title": "",
    "media_list_data": [
      
    ],
    "string_list_data": [
      {
        "href": "https://www.instagram.com/awkward._.bing",
        "value": "awkward._.bing",
        "timestamp": 1652657650
      }
    ]
  },
  {
    "title": "",
    "media_list_data": [
      
    ],
    "string_list_data": [
      {
        "href": "https://www.instagram.com/_p_a_h_a_d_i_l_a_d_k_i_",
        "value": "_p_a_h_a_d_i_l_a_d_k_i_",
        "timestamp": 1649013233
      }
    ]
  },
  {
    "title": "",
    "media_list_data": [
      
    ],
    "string_list_data": [
      {
        "href": "https://www.instagram.com/bhanvsingh",
        "value": "bhanvsingh",
        "timestamp": 1644407789
      }
    ]
  },
  {
    "title": "",
    "media_list_data": [
      
    ],
    "string_list_data": [
      {
        "href": "https://www.instagram.com/kartik_anand22",
        "value": "kartik_anand22",
        "timestamp": 1642062981
      }
    ]
  },
  {
    "title": "",
    "media_list_data": [
      
    ],
    "string_list_data": [
      {
        "href": "https://www.instagram.com/vanshikabhatotia",
        "value": "vanshikabhatotia",
        "timestamp": 1637953280
      }
    ]
  },
  {
    "title": "",
    "media_list_data": [
      
    ],
    "string_list_data": [
      {
        "href": "https://www.instagram.com/sharmaprakriti73",
        "value": "sharmaprakriti73",
        "timestamp": 1636379687
      }
    ]
  },
  {
    "title": "",
    "media_list_data": [
      
    ],
    "string_list_data": [
      {
        "href": "https://www.instagram.com/keshavhbtu",
        "value": "keshavhbtu",
        "timestamp": 1635736637
      }
    ]
  },
  {
    "title": "",
    "media_list_data": [
      
    ],
    "string_list_data": [
      {
        "href": "https://www.instagram.com/simran__dudeja",
        "value": "simran__dudeja",
        "timestamp": 1633015777
      }
    ]
  },
  {
    "title": "",
    "media_list_data": [
      
    ],
    "string_list_data": [
      {
        "href": "https://www.instagram.com/mahakbagha",
        "value": "mahakbagha",
        "timestamp": 1632719506
      }
    ]
  },
  {
    "title": "",
    "media_list_data": [
      
    ],
    "string_list_data": [
      {
        "href": "https://www.instagram.com/saras__swati",
        "value": "saras__swati",
        "timestamp": 1626711551
      }
    ]
  },
  {
    "title": "",
    "media_list_data": [
      
    ],
    "string_list_data": [
      {
        "href": "https://www.instagram.com/ria_the_shrivastava",
        "value": "ria_the_shrivastava",
        "timestamp": 1625936704
      }
    ]
  },
  {
    "title": "",
    "media_list_data": [
      
    ],
    "string_list_data": [
      {
        "href": "https://www.instagram.com/pragyamalik_",
        "value": "pragyamalik_",
        "timestamp": 1619513584
      }
    ]
  },
  {
    "title": "",
    "media_list_data": [
      
    ],
    "string_list_data": [
      {
        "href": "https://www.instagram.com/avi3117",
        "value": "avi3117",
        "timestamp": 1619440168
      }
    ]
  },
  {
    "title": "",
    "media_list_data": [
      
    ],
    "string_list_data": [
      {
        "href": "https://www.instagram.com/sakshi1007",
        "value": "sakshi1007",
        "timestamp": 1613450428
      }
    ]
  },
  {
    "title": "",
    "media_list_data": [
      
    ],
    "string_list_data": [
      {
        "href": "https://www.instagram.com/anukriti.sahni",
        "value": "anukriti.sahni",
        "timestamp": 1613389910
      }
    ]
  },
  {
    "title": "",
    "media_list_data": [
      
    ],
    "string_list_data": [
      {
        "href": "https://www.instagram.com/megha.porwal",
        "value": "megha.porwal",
        "timestamp": 1611913152
      }
    ]
  },
  {
    "title": "",
    "media_list_data": [
      
    ],
    "string_list_data": [
      {
        "href": "https://www.instagram.com/meharpallavi",
        "value": "meharpallavi",
        "timestamp": 1611204982
      }
    ]
  },
  {
    "title": "",
    "media_list_data": [
      
    ],
    "string_list_data": [
      {
        "href": "https://www.instagram.com/snober_niss",
        "value": "snober_niss",
        "timestamp": 1611029646
      }
    ]
  },
  {
    "title": "",
    "media_list_data": [
      
    ],
    "string_list_data": [
      {
        "href": "https://www.instagram.com/kiran._.khatrii",
        "value": "kiran._.khatrii",
        "timestamp": 1610127353
      }
    ]
  },
  {
    "title": "",
    "media_list_data": [
      
    ],
    "string_list_data": [
      {
        "href": "https://www.instagram.com/aarushiii.11",
        "value": "aarushiii.11",
        "timestamp": 1604510322
      }
    ]
  },
  {
    "title": "",
    "media_list_data": [
      
    ],
    "string_list_data": [
      {
        "href": "https://www.instagram.com/tanyadoomra11",
        "value": "tanyadoomra11",
        "timestamp": 1603274372
      }
    ]
  },
  {
    "title": "",
    "media_list_data": [
      
    ],
    "string_list_data": [
      {
        "href": "https://www.instagram.com/rajat._sharma.__",
        "value": "rajat._sharma.__",
        "timestamp": 1591046898
      }
    ]
  },
  {
    "title": "",
    "media_list_data": [
      
    ],
    "string_list_data": [
      {
        "href": "https://www.instagram.com/mansi.ar25",
        "value": "mansi.ar25",
        "timestamp": 1591012819
      }
    ]
  },
  {
    "title": "",
    "media_list_data": [
      
    ],
    "string_list_data": [
      {
        "href": "https://www.instagram.com/johnty_lal",
        "value": "johnty_lal",
        "timestamp": 1589875140
      }
    ]
  },
  {
    "title": "",
    "media_list_data": [
      
    ],
    "string_list_data": [
      {
        "href": "https://www.instagram.com/pri_pri_pringle",
        "value": "pri_pri_pringle",
        "timestamp": 1588428111
      }
    ]
  },
  {
    "title": "",
    "media_list_data": [
      
    ],
    "string_list_data": [
      {
        "href": "https://www.instagram.com/tarang.j97",
        "value": "tarang.j97",
        "timestamp": 1581787259
      }
    ]
  },
  {
    "title": "",
    "media_list_data": [
      
    ],
    "string_list_data": [
      {
        "href": "https://www.instagram.com/nikhilaggarwal92",
        "value": "nikhilaggarwal92",
        "timestamp": 1578059482
      }
    ]
  },
  {
    "title": "",
    "media_list_data": [
      
    ],
    "string_list_data": [
      {
        "href": "https://www.instagram.com/prachiiiiiiiiiiiiii",
        "value": "prachiiiiiiiiiiiiii",
        "timestamp": 1575961717
      }
    ]
  },
  {
    "title": "",
    "media_list_data": [
      
    ],
    "string_list_data": [
      {
        "href": "https://www.instagram.com/plakshakapoor",
        "value": "plakshakapoor",
        "timestamp": 1571390551
      }
    ]
  },
  {
    "title": "",
    "media_list_data": [
      
    ],
    "string_list_data": [
      {
        "href": "https://www.instagram.com/sharvitomar24",
        "value": "sharvitomar24",
        "timestamp": 1570866260
      }
    ]
  },
  {
    "title": "",
    "media_list_data": [
      
    ],
    "string_list_data": [
      {
        "href": "https://www.instagram.com/chaudharydivesh",
        "value": "chaudharydivesh",
        "timestamp": 1566014520
      }
    ]
  },
  {
    "title": "",
    "media_list_data": [
      
    ],
    "string_list_data": [
      {
        "href": "https://www.instagram.com/hunermehraa",
        "value": "hunermehraa",
        "timestamp": 1565187688
      }
    ]
  },
  {
    "title": "",
    "media_list_data": [
      
    ],
    "string_list_data": [
      {
        "href": "https://www.instagram.com/yagami_kunal",
        "value": "yagami_kunal",
        "timestamp": 1564075739
      }
    ]
  },
  {
    "title": "",
    "media_list_data": [
      
    ],
    "string_list_data": [
      {
        "href": "https://www.instagram.com/lakshayamarpuri",
        "value": "lakshayamarpuri",
        "timestamp": 1563383100
      }
    ]
  },
  {
    "title": "",
    "media_list_data": [
      
    ],
    "string_list_data": [
      {
        "href": "https://www.instagram.com/sam.sar97",
        "value": "sam.sar97",
        "timestamp": 1562848345
      }
    ]
  },
  {
    "title": "",
    "media_list_data": [
      
    ],
    "string_list_data": [
      {
        "href": "https://www.instagram.com/manjeetroy_2612",
        "value": "manjeetroy_2612",
        "timestamp": 1562846192
      }
    ]
  },
  {
    "title": "",
    "media_list_data": [
      
    ],
    "string_list_data": [
      {
        "href": "https://www.instagram.com/vishalagg11",
        "value": "vishalagg11",
        "timestamp": 1562769854
      }
    ]
  },
  {
    "title": "",
    "media_list_data": [
      
    ],
    "string_list_data": [
      {
        "href": "https://www.instagram.com/himanshu_2795",
        "value": "himanshu_2795",
        "timestamp": 1561655237
      }
    ]
  },
  {
    "title": "",
    "media_list_data": [
      
    ],
    "string_list_data": [
      {
        "href": "https://www.instagram.com/arvind270",
        "value": "arvind270",
        "timestamp": 1561468856
      }
    ]
  },
  {
    "title": "",
    "media_list_data": [
      
    ],
    "string_list_data": [
      {
        "href": "https://www.instagram.com/scionofpali",
        "value": "scionofpali",
        "timestamp": 1560888413
      }
    ]
  },
  {
    "title": "",
    "media_list_data": [
      
    ],
    "string_list_data": [
      {
        "href": "https://www.instagram.com/_p_you_sh_",
        "value": "_p_you_sh_",
        "timestamp": 1558249597
      }
    ]
  },
  {
    "title": "",
    "media_list_data": [
      
    ],
    "string_list_data": [
      {
        "href": "https://www.instagram.com/_codealchemist_",
        "value": "_codealchemist_",
        "timestamp": 1556950250
      }
    ]
  },
  {
    "title": "",
    "media_list_data": [
      
    ],
    "string_list_data": [
      {
        "href": "https://www.instagram.com/photographydtu",
        "value": "photographydtu",
        "timestamp": 1556187628
      }
    ]
  },
  {
    "title": "",
    "media_list_data": [
      
    ],
    "string_list_data": [
      {
        "href": "https://www.instagram.com/earrings_saga",
        "value": "earrings_saga",
        "timestamp": 1554025786
      }
    ]
  },
  {
    "title": "",
    "media_list_data": [
      
    ],
    "string_list_data": [
      {
        "href": "https://www.instagram.com/ds_deependra",
        "value": "ds_deependra",
        "timestamp": 1553771603
      }
    ]
  },
  {
    "title": "",
    "media_list_data": [
      
    ],
    "string_list_data": [
      {
        "href": "https://www.instagram.com/_narula_prince_",
        "value": "_narula_prince_",
        "timestamp": 1553025995
      }
    ]
  },
  {
    "title": "",
    "media_list_data": [
      
    ],
    "string_list_data": [
      {
        "href": "https://www.instagram.com/srishhhm",
        "value": "srishhhm",
        "timestamp": 1552069193
      }
    ]
  },
  {
    "title": "",
    "media_list_data": [
      
    ],
    "string_list_data": [
      {
        "href": "https://www.instagram.com/yogshshshshshrrrrr",
        "value": "yogshshshshshrrrrr",
        "timestamp": 1548608819
      }
    ]
  },
  {
    "title": "",
    "media_list_data": [
      
    ],
    "string_list_data": [
      {
        "href": "https://www.instagram.com/_nayak_shashwat",
        "value": "_nayak_shashwat",
        "timestamp": 1545934005
      }
    ]
  },
  {
    "title": "",
    "media_list_data": [
      
    ],
    "string_list_data": [
      {
        "href": "https://www.instagram.com/tavish_gulati",
        "value": "tavish_gulati",
        "timestamp": 1540135382
      }
    ]
  },
  {
    "title": "",
    "media_list_data": [
      
    ],
    "string_list_data": [
      {
        "href": "https://www.instagram.com/krshn53",
        "value": "krshn53",
        "timestamp": 1537526999
      }
    ]
  },
  {
    "title": "",
    "media_list_data": [
      
    ],
    "string_list_data": [
      {
        "href": "https://www.instagram.com/sonal_kohli",
        "value": "sonal_kohli",
        "timestamp": 1536410519
      }
    ]
  },
  {
    "title": "",
    "media_list_data": [
      
    ],
    "string_list_data": [
      {
        "href": "https://www.instagram.com/nisheetd",
        "value": "nisheetd",
        "timestamp": 1521048188
      }
    ]
  },
  {
    "title": "",
    "media_list_data": [
      
    ],
    "string_list_data": [
      {
        "href": "https://www.instagram.com/bhargava_vaibhav",
        "value": "bhargava_vaibhav",
        "timestamp": 1520769162
      }
    ]
  },
  {
    "title": "",
    "media_list_data": [
      
    ],
    "string_list_data": [
      {
        "href": "https://www.instagram.com/batrasushant612",
        "value": "batrasushant612",
        "timestamp": 1512937236
      }
    ]
  },
  {
    "title": "",
    "media_list_data": [
      
    ],
    "string_list_data": [
      {
        "href": "https://www.instagram.com/inbaingankitokri",
        "value": "inbaingankitokri",
        "timestamp": 1512224255
      }
    ]
  },
  {
    "title": "",
    "media_list_data": [
      
    ],
    "string_list_data": [
      {
        "href": "https://www.instagram.com/nit.yayaya",
        "value": "nit.yayaya",
        "timestamp": 1512224253
      }
    ]
  },
  {
    "title": "",
    "media_list_data": [
      
    ],
    "string_list_data": [
      {
        "href": "https://www.instagram.com/sam_2474",
        "value": "sam_2474",
        "timestamp": 1504857942
      }
    ]
  },
  {
    "title": "",
    "media_list_data": [
      
    ],
    "string_list_data": [
      {
        "href": "https://www.instagram.com/goyalcharu1993",
        "value": "goyalcharu1993",
        "timestamp": 1503830197
      }
    ]
  },
  {
    "title": "",
    "media_list_data": [
      
    ],
    "string_list_data": [
      {
        "href": "https://www.instagram.com/rishabhxsingh",
        "value": "rishabhxsingh",
        "timestamp": 1503132721
      }
    ]
  },
  {
    "title": "",
    "media_list_data": [
      
    ],
    "string_list_data": [
      {
        "href": "https://www.instagram.com/shruti105",
        "value": "shruti105",
        "timestamp": 1500197939
      }
    ]
  },
  {
    "title": "",
    "media_list_data": [
      
    ],
    "string_list_data": [
      {
        "href": "https://www.instagram.com/shlok.kumar97",
        "value": "shlok.kumar97",
        "timestamp": 1497264549
      }
    ]
  },
  {
    "title": "",
    "media_list_data": [
      
    ],
    "string_list_data": [
      {
        "href": "https://www.instagram.com/meharshkashyap",
        "value": "meharshkashyap",
        "timestamp": 1492880981
      }
    ]
  },
  {
    "title": "",
    "media_list_data": [
      
    ],
    "string_list_data": [
      {
        "href": "https://www.instagram.com/geetanshuhanda",
        "value": "geetanshuhanda",
        "timestamp": 1491869744
      }
    ]
  },
  {
    "title": "",
    "media_list_data": [
      
    ],
    "string_list_data": [
      {
        "href": "https://www.instagram.com/kapoor_akshit19",
        "value": "kapoor_akshit19",
        "timestamp": 1491684521
      }
    ]
  },
  {
    "title": "",
    "media_list_data": [
      
    ],
    "string_list_data": [
      {
        "href": "https://www.instagram.com/goelvidyun",
        "value": "goelvidyun",
        "timestamp": 1489950085
      }
    ]
  },
  {
    "title": "",
    "media_list_data": [
      
    ],
    "string_list_data": [
      {
        "href": "https://www.instagram.com/mohit_verma97",
        "value": "mohit_verma97",
        "timestamp": 1488456358
      }
    ]
  },
  {
    "title": "",
    "media_list_data": [
      
    ],
    "string_list_data": [
      {
        "href": "https://www.instagram.com/kanishktanotra",
        "value": "kanishktanotra",
        "timestamp": 1487793119
      }
    ]
  },
  {
    "title": "",
    "media_list_data": [
      
    ],
    "string_list_data": [
      {
        "href": "https://www.instagram.com/shubhambhardwaj989",
        "value": "shubhambhardwaj989",
        "timestamp": 1486353492
      }
    ]
  },
  {
    "title": "",
    "media_list_data": [
      
    ],
    "string_list_data": [
      {
        "href": "https://www.instagram.com/varun_sahni_",
        "value": "varun_sahni_",
        "timestamp": 1482360634
      }
    ]
  },
  {
    "title": "",
    "media_list_data": [
      
    ],
    "string_list_data": [
      {
        "href": "https://www.instagram.com/amrita_surana",
        "value": "amrita_surana",
        "timestamp": 1482360634
      }
    ]
  },
  {
    "title": "",
    "media_list_data": [
      
    ],
    "string_list_data": [
      {
        "href": "https://www.instagram.com/satvik_khuntia",
        "value": "satvik_khuntia",
        "timestamp": 1479966313
      }
    ]
  },
  {
    "title": "",
    "media_list_data": [
      
    ],
    "string_list_data": [
      {
        "href": "https://www.instagram.com/simran24jha",
        "value": "simran24jha",
        "timestamp": 1473447213
      }
    ]
  },
  {
    "title": "",
    "media_list_data": [
      
    ],
    "string_list_data": [
      {
        "href": "https://www.instagram.com/_nushh",
        "value": "_nushh",
        "timestamp": 1469610603
      }
    ]
  },
  {
    "title": "",
    "media_list_data": [
      
    ],
    "string_list_data": [
      {
        "href": "https://www.instagram.com/amritesh__shukla",
        "value": "amritesh__shukla",
        "timestamp": 1469476363
      }
    ]
  },
  {
    "title": "",
    "media_list_data": [
      
    ],
    "string_list_data": [
      {
        "href": "https://www.instagram.com/harshilgupta21",
        "value": "harshilgupta21",
        "timestamp": 1469476359
      }
    ]
  },
  {
    "title": "",
    "media_list_data": [
      
    ],
    "string_list_data": [
      {
        "href": "https://www.instagram.com/meenal_chaudhary",
        "value": "meenal_chaudhary",
        "timestamp": 1469476347
      }
    ]
  },
  {
    "title": "",
    "media_list_data": [
      
    ],
    "string_list_data": [
      {
        "href": "https://www.instagram.com/manikabhatotia",
        "value": "manikabhatotia",
        "timestamp": 1448214171
      }
    ]
  },
  {
    "title": "",
    "media_list_data": [
      
    ],
    "string_list_data": [
      {
        "href": "https://www.instagram.com/sanjanamanchanda_",
        "value": "sanjanamanchanda_",
        "timestamp": 1446230984
      }
    ]
  },
  {
    "title": "",
    "media_list_data": [
      
    ],
    "string_list_data": [
      {
        "href": "https://www.instagram.com/kunalgautam__",
        "value": "kunalgautam__",
        "timestamp": 1446143547
      }
    ]
  },
  {
    "title": "",
    "media_list_data": [
      
    ],
    "string_list_data": [
      {
        "href": "https://www.instagram.com/allindiahacker",
        "value": "allindiahacker",
        "timestamp": 1446134198
      }
    ]
  }
]