{
  "relationships_follow_requests_sent": [
    {
      "title": "",
      "media_list_data": [
        
      ],
      "string_list_data": [
        {
          "href": "https://www.instagram.com/bhavvss",
          "value": "bhavvss",
          "timestamp": 1709961843
        }
      ]
    },
    {
      "title": "",
      "media_list_data": [
        
      ],
      "string_list_data": [
        {
          "href": "https://www.instagram.com/nancyy.17",
          "value": "nancyy.17",
          "timestamp": 1709958634
        }
      ]
    },
    {
      "title": "",
      "media_list_data": [
        
      ],
      "string_list_data": [
        {
          "href": "https://www.instagram.com/shreya_bindal",
          "value": "shreya_bindal",
          "timestamp": 1709958627
        }
      ]
    },
    {
      "title": "",
      "media_list_data": [
        
      ],
      "string_list_data": [
        {
          "href": "https://www.instagram.com/manisha.raman9",
          "value": "manisha.raman9",
          "timestamp": 1709958618
        }
      ]
    },
    {
      "title": "",
      "media_list_data": [
        
      ],
      "string_list_data": [
        {
          "href": "https://www.instagram.com/__nidhichoudhary__",
          "value": "__nidhichoudhary__",
          "timestamp": 1709958597
        }
      ]
    },
    {
      "title": "",
      "media_list_data": [
        
      ],
      "string_list_data": [
        {
          "href": "https://www.instagram.com/vats_namita",
          "value": "vats_namita",
          "timestamp": 1709958576
        }
      ]
    },
    {
      "title": "",
      "media_list_data": [
        
      ],
      "string_list_data": [
        {
          "href": "https://www.instagram.com/harshita__deswal",
          "value": "harshita__deswal",
          "timestamp": 1709911907
        }
      ]
    },
    {
      "title": "",
      "media_list_data": [
        
      ],
      "string_list_data": [
        {
          "href": "https://www.instagram.com/shivanimehta75",
          "value": "shivanimehta75",
          "timestamp": 1709911886
        }
      ]
    },
    {
      "title": "",
      "media_list_data": [
        
      ],
      "string_list_data": [
        {
          "href": "https://www.instagram.com/sumaa_meena",
          "value": "sumaa_meena",
          "timestamp": 1709647799
        }
      ]
    },
    {
      "title": "",
      "media_list_data": [
        
      ],
      "string_list_data": [
        {
          "href": "https://www.instagram.com/manisha_bhukar",
          "value": "manisha_bhukar",
          "timestamp": 1709355714
        }
      ]
    },
    {
      "title": "",
      "media_list_data": [
        
      ],
      "string_list_data": [
        {
          "href": "https://www.instagram.com/kataria_mahima",
          "value": "kataria_mahima",
          "timestamp": 1708882148
        }
      ]
    },
    {
      "title": "",
      "media_list_data": [
        
      ],
      "string_list_data": [
        {
          "href": "https://www.instagram.com/priyam__goel",
          "value": "priyam__goel",
          "timestamp": 1708775225
        }
      ]
    },
    {
      "title": "",
      "media_list_data": [
        
      ],
      "string_list_data": [
        {
          "href": "https://www.instagram.com/kawansoni",
          "value": "kawansoni",
          "timestamp": 1708775198
        }
      ]
    },
    {
      "title": "",
      "media_list_data": [
        
      ],
      "string_list_data": [
        {
          "href": "https://www.instagram.com/munia_ahmed_01",
          "value": "munia_ahmed_01",
          "timestamp": 1708623565
        }
      ]
    },
    {
      "title": "",
      "media_list_data": [
        
      ],
      "string_list_data": [
        {
          "href": "https://www.instagram.com/aayushisingh.21",
          "value": "aayushisingh.21",
          "timestamp": 1708580706
        }
      ]
    },
    {
      "title": "",
      "media_list_data": [
        
      ],
      "string_list_data": [
        {
          "href": "https://www.instagram.com/dhatitewari",
          "value": "dhatitewari",
          "timestamp": 1700638221
        }
      ]
    },
    {
      "title": "",
      "media_list_data": [
        
      ],
      "string_list_data": [
        {
          "href": "https://www.instagram.com/hem_lock_ed",
          "value": "hem_lock_ed",
          "timestamp": 1700638197
        }
      ]
    },
    {
      "title": "",
      "media_list_data": [
        
      ],
      "string_list_data": [
        {
          "href": "https://www.instagram.com/alisha_jaisss",
          "value": "alisha_jaisss",
          "timestamp": 1700552571
        }
      ]
    },
    {
      "title": "",
      "media_list_data": [
        
      ],
      "string_list_data": [
        {
          "href": "https://www.instagram.com/_sanjana.shokeen_",
          "value": "_sanjana.shokeen_",
          "timestamp": 1699451621
        }
      ]
    },
    {
      "title": "",
      "media_list_data": [
        
      ],
      "string_list_data": [
        {
          "href": "https://www.instagram.com/madhuchopra127",
          "value": "madhuchopra127",
          "timestamp": 1699348609
        }
      ]
    },
    {
      "title": "",
      "media_list_data": [
        
      ],
      "string_list_data": [
        {
          "href": "https://www.instagram.com/swapniild",
          "value": "swapniild",
          "timestamp": 1699069274
        }
      ]
    },
    {
      "title": "",
      "media_list_data": [
        
      ],
      "string_list_data": [
        {
          "href": "https://www.instagram.com/kkanchanyadavv",
          "value": "kkanchanyadavv",
          "timestamp": 1693909826
        }
      ]
    },
    {
      "title": "",
      "media_list_data": [
        
      ],
      "string_list_data": [
        {
          "href": "https://www.instagram.com/akansha.solanki",
          "value": "akansha.solanki",
          "timestamp": 1693909818
        }
      ]
    },
    {
      "title": "",
      "media_list_data": [
        
      ],
      "string_list_data": [
        {
          "href": "https://www.instagram.com/ritul.saini",
          "value": "ritul.saini",
          "timestamp": 1693250552
        }
      ]
    },
    {
      "title": "",
      "media_list_data": [
        
      ],
      "string_list_data": [
        {
          "href": "https://www.instagram.com/sameeksha16gupta",
          "value": "sameeksha16gupta",
          "timestamp": 1692791697
        }
      ]
    },
    {
      "title": "",
      "media_list_data": [
        
      ],
      "string_list_data": [
        {
          "href": "https://www.instagram.com/harukageorge",
          "value": "harukageorge",
          "timestamp": 1685882758
        }
      ]
    },
    {
      "title": "",
      "media_list_data": [
        
      ],
      "string_list_data": [
        {
          "href": "https://www.instagram.com/justvanshiethings",
          "value": "justvanshiethings",
          "timestamp": 1681713697
        }
      ]
    }
  ]
}