{
  "relationships_unfollowed_users": [
    {
      "title": "",
      "media_list_data": [
        
      ],
      "string_list_data": [
        {
          "href": "https://www.instagram.com/osho.alivee",
          "value": "osho.alivee",
          "timestamp": 1709982163
        }
      ]
    },
    {
      "title": "",
      "media_list_data": [
        
      ],
      "string_list_data": [
        {
          "href": "https://www.instagram.com/_manasvi_26",
          "value": "_manasvi_26",
          "timestamp": 1709962377
        }
      ]
    },
    {
      "title": "",
      "media_list_data": [
        
      ],
      "string_list_data": [
        {
          "href": "https://www.instagram.com/sid.content",
          "value": "sid.content",
          "timestamp": 1709927007
        }
      ]
    },
    {
      "title": "",
      "media_list_data": [
        
      ],
      "string_list_data": [
        {
          "href": "https://www.instagram.com/shivanimehta75",
          "value": "shivanimehta75",
          "timestamp": 1709911883
        }
      ]
    },
    {
      "title": "",
      "media_list_data": [
        
      ],
      "string_list_data": [
        {
          "href": "https://www.instagram.com/garima_723",
          "value": "garima_723",
          "timestamp": 1709898511
        }
      ]
    },
    {
      "title": "",
      "media_list_data": [
        
      ],
      "string_list_data": [
        {
          "href": "https://www.instagram.com/itsathena_7",
          "value": "itsathena_7",
          "timestamp": 1709839802
        }
      ]
    },
    {
      "title": "",
      "media_list_data": [
        
      ],
      "string_list_data": [
        {
          "href": "https://www.instagram.com/mba.concepts",
          "value": "mba.concepts",
          "timestamp": 1708620460
        }
      ]
    },
    {
      "title": "",
      "media_list_data": [
        
      ],
      "string_list_data": [
        {
          "href": "https://www.instagram.com/sheyh.oc",
          "value": "sheyh.oc",
          "timestamp": 1708194292
        }
      ]
    },
    {
      "title": "",
      "media_list_data": [
        
      ],
      "string_list_data": [
        {
          "href": "https://www.instagram.com/tonsser_uk",
          "value": "tonsser_uk",
          "timestamp": 1707586264
        }
      ]
    },
    {
      "title": "",
      "media_list_data": [
        
      ],
      "string_list_data": [
        {
          "href": "https://www.instagram.com/rohitkhatrifitness",
          "value": "rohitkhatrifitness",
          "timestamp": 1706113149
        }
      ]
    },
    {
      "title": "",
      "media_list_data": [
        
      ],
      "string_list_data": [
        {
          "href": "https://www.instagram.com/yuliana_body____",
          "value": "yuliana_body____",
          "timestamp": 1705679687
        }
      ]
    },
    {
      "title": "",
      "media_list_data": [
        
      ],
      "string_list_data": [
        {
          "href": "https://www.instagram.com/soumyasirohi_19",
          "value": "soumyasirohi_19",
          "timestamp": 1705677468
        }
      ]
    }
  ]
}