{
  "relationships_permanent_follow_requests": [
    {
      "title": "",
      "media_list_data": [
        
      ],
      "string_list_data": [
        {
          "href": "https://www.instagram.com/_manasvi_26",
          "value": "_manasvi_26",
          "timestamp": 1709962347
        }
      ]
    },
    {
      "title": "",
      "media_list_data": [
        
      ],
      "string_list_data": [
        {
          "href": "https://www.instagram.com/bhavvss",
          "value": "bhavvss",
          "timestamp": 1709961843
        }
      ]
    },
    {
      "title": "",
      "media_list_data": [
        
      ],
      "string_list_data": [
        {
          "href": "https://www.instagram.com/nancyy.17",
          "value": "nancyy.17",
          "timestamp": 1709958634
        }
      ]
    },
    {
      "title": "",
      "media_list_data": [
        
      ],
      "string_list_data": [
        {
          "href": "https://www.instagram.com/shreya_bindal",
          "value": "shreya_bindal",
          "timestamp": 1709958627
        }
      ]
    },
    {
      "title": "",
      "media_list_data": [
        
      ],
      "string_list_data": [
        {
          "href": "https://www.instagram.com/manisha.raman9",
          "value": "manisha.raman9",
          "timestamp": 1709958619
        }
      ]
    },
    {
      "title": "",
      "media_list_data": [
        
      ],
      "string_list_data": [
        {
          "href": "https://www.instagram.com/__nidhichoudhary__",
          "value": "__nidhichoudhary__",
          "timestamp": 1709958597
        }
      ]
    },
    {
      "title": "",
      "media_list_data": [
        
      ],
      "string_list_data": [
        {
          "href": "https://www.instagram.com/vats_namita",
          "value": "vats_namita",
          "timestamp": 1709958576
        }
      ]
    },
    {
      "title": "",
      "media_list_data": [
        
      ],
      "string_list_data": [
        {
          "href": "https://www.instagram.com/harshita__deswal",
          "value": "harshita__deswal",
          "timestamp": 1709911907
        }
      ]
    },
    {
      "title": "",
      "media_list_data": [
        
      ],
      "string_list_data": [
        {
          "href": "https://www.instagram.com/shivanimehta75",
          "value": "shivanimehta75",
          "timestamp": 1709911886
        }
      ]
    },
    {
      "title": "",
      "media_list_data": [
        
      ],
      "string_list_data": [
        {
          "href": "https://www.instagram.com/garima_723",
          "value": "garima_723",
          "timestamp": 1709883839
        }
      ]
    },
    {
      "title": "",
      "media_list_data": [
        
      ],
      "string_list_data": [
        {
          "href": "https://www.instagram.com/shreyagarg_97",
          "value": "shreyagarg_97",
          "timestamp": 1709647862
        }
      ]
    },
    {
      "title": "",
      "media_list_data": [
        
      ],
      "string_list_data": [
        {
          "href": "https://www.instagram.com/jyoti__beniwal",
          "value": "jyoti__beniwal",
          "timestamp": 1709647821
        }
      ]
    },
    {
      "title": "",
      "media_list_data": [
        
      ],
      "string_list_data": [
        {
          "href": "https://www.instagram.com/sumaa_meena",
          "value": "sumaa_meena",
          "timestamp": 1709647799
        }
      ]
    },
    {
      "title": "",
      "media_list_data": [
        
      ],
      "string_list_data": [
        {
          "href": "https://www.instagram.com/manisha_bhukar",
          "value": "manisha_bhukar",
          "timestamp": 1709355714
        }
      ]
    },
    {
      "title": "",
      "media_list_data": [
        
      ],
      "string_list_data": [
        {
          "href": "https://www.instagram.com/yamspvtt",
          "value": "yamspvtt",
          "timestamp": 1708946565
        }
      ]
    },
    {
      "title": "",
      "media_list_data": [
        
      ],
      "string_list_data": [
        {
          "href": "https://www.instagram.com/kataria_mahima",
          "value": "kataria_mahima",
          "timestamp": 1708882148
        }
      ]
    },
    {
      "title": "",
      "media_list_data": [
        
      ],
      "string_list_data": [
        {
          "href": "https://www.instagram.com/priyam__goel",
          "value": "priyam__goel",
          "timestamp": 1708775225
        }
      ]
    },
    {
      "title": "",
      "media_list_data": [
        
      ],
      "string_list_data": [
        {
          "href": "https://www.instagram.com/kawansoni",
          "value": "kawansoni",
          "timestamp": 1708775198
        }
      ]
    },
    {
      "title": "",
      "media_list_data": [
        
      ],
      "string_list_data": [
        {
          "href": "https://www.instagram.com/ilisha_arora_",
          "value": "ilisha_arora_",
          "timestamp": 1708770404
        }
      ]
    },
    {
      "title": "",
      "media_list_data": [
        
      ],
      "string_list_data": [
        {
          "href": "https://www.instagram.com/whokilledyamss",
          "value": "whokilledyamss",
          "timestamp": 1708685896
        }
      ]
    },
    {
      "title": "",
      "media_list_data": [
        
      ],
      "string_list_data": [
        {
          "href": "https://www.instagram.com/munia_ahmed_01",
          "value": "munia_ahmed_01",
          "timestamp": 1708623565
        }
      ]
    },
    {
      "title": "",
      "media_list_data": [
        
      ],
      "string_list_data": [
        {
          "href": "https://www.instagram.com/aayushisingh.21",
          "value": "aayushisingh.21",
          "timestamp": 1708580706
        }
      ]
    },
    {
      "title": "",
      "media_list_data": [
        
      ],
      "string_list_data": [
        {
          "href": "https://www.instagram.com/dipti_bharti07",
          "value": "dipti_bharti07",
          "timestamp": 1707574087
        }
      ]
    },
    {
      "title": "",
      "media_list_data": [
        
      ],
      "string_list_data": [
        {
          "href": "https://www.instagram.com/a_xanyaa7",
          "value": "a_xanyaa7",
          "timestamp": 1706994211
        }
      ]
    },
    {
      "title": "",
      "media_list_data": [
        
      ],
      "string_list_data": [
        {
          "href": "https://www.instagram.com/soumyasirohi_19",
          "value": "soumyasirohi_19",
          "timestamp": 1704100471
        }
      ]
    }
  ]
}