{
  "relationships_dismissed_suggested_users": [
    {
      "title": "",
      "media_list_data": [
        
      ],
      "string_list_data": [
        {
          "href": "https://www.instagram.com/_navyachandra_",
          "value": "_navyachandra_",
          "timestamp": 1679886589
        }
      ]
    },
    {
      "title": "",
      "media_list_data": [
        
      ],
      "string_list_data": [
        {
          "href": "https://www.instagram.com/sharmaajikaladkaa",
          "value": "sharmaajikaladkaa",
          "timestamp": 1679886585
        }
      ]
    },
    {
      "title": "",
      "media_list_data": [
        
      ],
      "string_list_data": [
        {
          "href": "https://www.instagram.com/sahoo.yahoo",
          "value": "sahoo.yahoo",
          "timestamp": 1679886580
        }
      ]
    },
    {
      "title": "",
      "media_list_data": [
        
      ],
      "string_list_data": [
        {
          "href": "https://www.instagram.com/bhaskarrrrr",
          "value": "bhaskarrrrr",
          "timestamp": 1679886580
        }
      ]
    },
    {
      "title": "",
      "media_list_data": [
        
      ],
      "string_list_data": [
        {
          "href": "https://www.instagram.com/vaibhav.vermaa10",
          "value": "vaibhav.vermaa10",
          "timestamp": 1679886578
        }
      ]
    },
    {
      "title": "",
      "media_list_data": [
        
      ],
      "string_list_data": [
        {
          "href": "https://www.instagram.com/manjula.verma",
          "value": "manjula.verma",
          "timestamp": 1679886576
        }
      ]
    },
    {
      "title": "",
      "media_list_data": [
        
      ],
      "string_list_data": [
        {
          "href": "https://www.instagram.com/globe_trotter.21",
          "value": "globe_trotter.21",
          "timestamp": 1679651714
        }
      ]
    },
    {
      "title": "",
      "media_list_data": [
        
      ],
      "string_list_data": [
        {
          "href": "https://www.instagram.com/neelesh_bhushan",
          "value": "neelesh_bhushan",
          "timestamp": 1678323355
        }
      ]
    },
    {
      "title": "",
      "media_list_data": [
        
      ],
      "string_list_data": [
        {
          "href": "https://www.instagram.com/zero_sixty_three",
          "value": "zero_sixty_three",
          "timestamp": 1678323354
        }
      ]
    },
    {
      "title": "",
      "media_list_data": [
        
      ],
      "string_list_data": [
        {
          "href": "https://www.instagram.com/akshitgupta_96",
          "value": "akshitgupta_96",
          "timestamp": 1678323352
        }
      ]
    },
    {
      "title": "",
      "media_list_data": [
        
      ],
      "string_list_data": [
        {
          "href": "https://www.instagram.com/krshn53",
          "value": "krshn53",
          "timestamp": 1678323351
        }
      ]
    },
    {
      "title": "",
      "media_list_data": [
        
      ],
      "string_list_data": [
        {
          "href": "https://www.instagram.com/_mathuria",
          "value": "_mathuria",
          "timestamp": 1678323349
        }
      ]
    },
    {
      "title": "",
      "media_list_data": [
        
      ],
      "string_list_data": [
        {
          "href": "https://www.instagram.com/nitya.bahl",
          "value": "nitya.bahl",
          "timestamp": 1678323347
        }
      ]
    },
    {
      "title": "",
      "media_list_data": [
        
      ],
      "string_list_data": [
        {
          "href": "https://www.instagram.com/yogshshshshshrrrrr",
          "value": "yogshshshshshrrrrr",
          "timestamp": 1678323345
        }
      ]
    },
    {
      "title": "",
      "media_list_data": [
        
      ],
      "string_list_data": [
        {
          "href": "https://www.instagram.com/krupa_phenihas",
          "value": "krupa_phenihas",
          "timestamp": 1678323344
        }
      ]
    },
    {
      "title": "",
      "media_list_data": [
        
      ],
      "string_list_data": [
        {
          "href": "https://www.instagram.com/vansh_srivastava_",
          "value": "vansh_srivastava_",
          "timestamp": 1678323343
        }
      ]
    },
    {
      "title": "",
      "media_list_data": [
        
      ],
      "string_list_data": [
        {
          "href": "https://www.instagram.com/kanishktanotra",
          "value": "kanishktanotra",
          "timestamp": 1678323341
        }
      ]
    },
    {
      "title": "",
      "media_list_data": [
        
      ],
      "string_list_data": [
        {
          "href": "https://www.instagram.com/kunalgautam__",
          "value": "kunalgautam__",
          "timestamp": 1678323340
        }
      ]
    },
    {
      "title": "",
      "media_list_data": [
        
      ],
      "string_list_data": [
        {
          "href": "https://www.instagram.com/sam_2474",
          "value": "sam_2474",
          "timestamp": 1678323333
        }
      ]
    },
    {
      "title": "",
      "media_list_data": [
        
      ],
      "string_list_data": [
        {
          "href": "https://www.instagram.com/himanshu_ki_aish",
          "value": "himanshu_ki_aish",
          "timestamp": 1678323331
        }
      ]
    },
    {
      "title": "",
      "media_list_data": [
        
      ],
      "string_list_data": [
        {
          "href": "https://www.instagram.com/sidpat97",
          "value": "sidpat97",
          "timestamp": 1678323330
        }
      ]
    },
    {
      "title": "",
      "media_list_data": [
        
      ],
      "string_list_data": [
        {
          "href": "https://www.instagram.com/satvik_khuntia",
          "value": "satvik_khuntia",
          "timestamp": 1678323329
        }
      ]
    },
    {
      "title": "",
      "media_list_data": [
        
      ],
      "string_list_data": [
        {
          "href": "https://www.instagram.com/mridulkhurana0",
          "value": "mridulkhurana0",
          "timestamp": 1678323328
        }
      ]
    },
    {
      "title": "",
      "media_list_data": [
        
      ],
      "string_list_data": [
        {
          "href": "https://www.instagram.com/abhishek.rungta",
          "value": "abhishek.rungta",
          "timestamp": 1677693932
        }
      ]
    },
    {
      "title": "",
      "media_list_data": [
        
      ],
      "string_list_data": [
        {
          "href": "https://www.instagram.com/no_user_name_of_mine_",
          "value": "no_user_name_of_mine_",
          "timestamp": 1670423651
        }
      ]
    },
    {
      "title": "",
      "media_list_data": [
        
      ],
      "string_list_data": [
        {
          "href": "https://www.instagram.com/anujgarg204",
          "value": "anujgarg204",
          "timestamp": 1670423650
        }
      ]
    },
    {
      "title": "",
      "media_list_data": [
        
      ],
      "string_list_data": [
        {
          "href": "https://www.instagram.com/shivangimittal098",
          "value": "shivangimittal098",
          "timestamp": 1670423649
        }
      ]
    },
    {
      "title": "",
      "media_list_data": [
        
      ],
      "string_list_data": [
        {
          "href": "https://www.instagram.com/sir40k",
          "value": "sir40k",
          "timestamp": 1670423648
        }
      ]
    },
    {
      "title": "",
      "media_list_data": [
        
      ],
      "string_list_data": [
        {
          "href": "https://www.instagram.com/ganesh18898",
          "value": "ganesh18898",
          "timestamp": 1670423648
        }
      ]
    },
    {
      "title": "",
      "media_list_data": [
        
      ],
      "string_list_data": [
        {
          "href": "https://www.instagram.com/aajay.kumar.773",
          "value": "aajay.kumar.773",
          "timestamp": 1670423647
        }
      ]
    },
    {
      "title": "",
      "media_list_data": [
        
      ],
      "string_list_data": [
        {
          "href": "https://www.instagram.com/techienimi",
          "value": "techienimi",
          "timestamp": 1670423644
        }
      ]
    },
    {
      "title": "",
      "media_list_data": [
        
      ],
      "string_list_data": [
        {
          "href": "https://www.instagram.com/poonamarora6296",
          "value": "poonamarora6296",
          "timestamp": 1670423642
        }
      ]
    },
    {
      "title": "",
      "media_list_data": [
        
      ],
      "string_list_data": [
        {
          "href": "https://www.instagram.com/harish_pilla",
          "value": "harish_pilla",
          "timestamp": 1650996756
        }
      ]
    },
    {
      "title": "",
      "media_list_data": [
        
      ],
      "string_list_data": [
        {
          "href": "https://www.instagram.com/a5hil",
          "value": "a5hil",
          "timestamp": 1648966016
        }
      ]
    },
    {
      "title": "",
      "media_list_data": [
        
      ],
      "string_list_data": [
        {
          "href": "https://www.instagram.com/niharika.nandal22",
          "value": "niharika.nandal22",
          "timestamp": 1644877459
        }
      ]
    },
    {
      "title": "",
      "media_list_data": [
        
      ],
      "string_list_data": [
        {
          "href": "https://www.instagram.com/ishhasachdeva",
          "value": "ishhasachdeva",
          "timestamp": 1636250048
        }
      ]
    },
    {
      "title": "",
      "media_list_data": [
        
      ],
      "string_list_data": [
        {
          "href": "https://www.instagram.com/anshul._malhotra",
          "value": "anshul._malhotra",
          "timestamp": 1636111595
        }
      ]
    },
    {
      "title": "",
      "media_list_data": [
        
      ],
      "string_list_data": [
        {
          "href": "https://www.instagram.com/arorasarthak_",
          "value": "arorasarthak_",
          "timestamp": 1636005725
        }
      ]
    },
    {
      "title": "",
      "media_list_data": [
        
      ],
      "string_list_data": [
        {
          "href": "https://www.instagram.com/baglaakriti",
          "value": "baglaakriti",
          "timestamp": 1635834687
        }
      ]
    },
    {
      "title": "",
      "media_list_data": [
        
      ],
      "string_list_data": [
        {
          "href": "https://www.instagram.com/mayankjain._",
          "value": "mayankjain._",
          "timestamp": 1635701097
        }
      ]
    },
    {
      "title": "",
      "media_list_data": [
        
      ],
      "string_list_data": [
        {
          "href": "https://www.instagram.com/__kulbhushan___",
          "value": "__kulbhushan___",
          "timestamp": 1623610394
        }
      ]
    },
    {
      "title": "",
      "media_list_data": [
        
      ],
      "string_list_data": [
        {
          "href": "https://www.instagram.com/_nagar0572",
          "value": "_nagar0572",
          "timestamp": 1613330134
        }
      ]
    },
    {
      "title": "",
      "media_list_data": [
        
      ],
      "string_list_data": [
        {
          "href": "https://www.instagram.com/nitinchandila",
          "value": "nitinchandila",
          "timestamp": 1613330132
        }
      ]
    },
    {
      "title": "",
      "media_list_data": [
        
      ],
      "string_list_data": [
        {
          "href": "https://www.instagram.com/realmadrid",
          "value": "realmadrid",
          "timestamp": 1599152345
        }
      ]
    },
    {
      "title": "",
      "media_list_data": [
        
      ],
      "string_list_data": [
        {
          "href": "https://www.instagram.com/_rl9",
          "value": "_rl9",
          "timestamp": 1599152343
        }
      ]
    },
    {
      "title": "",
      "media_list_data": [
        
      ],
      "string_list_data": [
        {
          "href": "https://www.instagram.com/easportsfc",
          "value": "easportsfc",
          "timestamp": 1599152343
        }
      ]
    },
    {
      "title": "",
      "media_list_data": [
        
      ],
      "string_list_data": [
        {
          "href": "https://www.instagram.com/k.mbappe",
          "value": "k.mbappe",
          "timestamp": 1599152342
        }
      ]
    },
    {
      "title": "",
      "media_list_data": [
        
      ],
      "string_list_data": [
        {
          "href": "https://www.instagram.com/redbullbike",
          "value": "redbullbike",
          "timestamp": 1599152342
        }
      ]
    },
    {
      "title": "",
      "media_list_data": [
        
      ],
      "string_list_data": [
        {
          "href": "https://www.instagram.com/redbullsnow",
          "value": "redbullsnow",
          "timestamp": 1599152339
        }
      ]
    },
    {
      "title": "",
      "media_list_data": [
        
      ],
      "string_list_data": [
        {
          "href": "https://www.instagram.com/kblock43",
          "value": "kblock43",
          "timestamp": 1599152339
        }
      ]
    },
    {
      "title": "",
      "media_list_data": [
        
      ],
      "string_list_data": [
        {
          "href": "https://www.instagram.com/fcbarcelona",
          "value": "fcbarcelona",
          "timestamp": 1599152338
        }
      ]
    },
    {
      "title": "",
      "media_list_data": [
        
      ],
      "string_list_data": [
        {
          "href": "https://www.instagram.com/juventus",
          "value": "juventus",
          "timestamp": 1599152338
        }
      ]
    },
    {
      "title": "",
      "media_list_data": [
        
      ],
      "string_list_data": [
        {
          "href": "https://www.instagram.com/redbull",
          "value": "redbull",
          "timestamp": 1599152337
        }
      ]
    },
    {
      "title": "",
      "media_list_data": [
        
      ],
      "string_list_data": [
        {
          "href": "https://www.instagram.com/kritankahuja",
          "value": "kritankahuja",
          "timestamp": 1545632725
        }
      ]
    },
    {
      "title": "",
      "media_list_data": [
        
      ],
      "string_list_data": [
        {
          "href": "https://www.instagram.com/_vairagi",
          "value": "_vairagi",
          "timestamp": 1535080037
        }
      ]
    },
    {
      "title": "",
      "media_list_data": [
        
      ],
      "string_list_data": [
        {
          "href": "https://www.instagram.com/ayush_k_sangma",
          "value": "ayush_k_sangma",
          "timestamp": 1517318089
        }
      ]
    }
  ]
}